353,sdsd,sdsds,08.02.2023 15:35:17
2dc,ывыв,выв,08.02.2023 15:49:23
3fb,вывыв,ывыв,08.02.2023 15:49:23
412,ывывы,ывыв,07.02.2023 15:49:23
607,ывывв,ывыв,07.02.2023 16:12:17
6e8,какая то заметка,по какому-то поводу,06.02.2023 16:52:46
7da,dfdfdf,dfdfdfdfdfdfdfdfdfdfd,09.02.2023 16:51:17
f99,sdsdsd,sdd,09.02.2023 17:28:08
c39,ывыв,вывы,09.02.2023 17:33:47
6d6,ывыв,ывыв,09.02.2023 17:38:32
a68,ывввввывыв,ыввывыв,09.02.2023 18:37:24
cfe,gfgfgfg,fgfgfgfg,09.02.2023 19:07:12
12c,ddddddddddddddddddddddddddddddd,dddddddddddddddddddddddddddddd,09.02.2023 19:30:58
66e,sdsddsddsd,ssdsdsdsdsd,09.02.2023 19:32:53
de5,sdsdsd,sdsdssd,10.02.2023 11:33:33
75d,fdfdfdfdf,dfdffdfdf,10.02.2023 11:39:40
46d,sdsdsdsdd,sdsdsdsdsd,10.02.2023 11:45:31
605,sdsdsdsd,sdddsd,10.02.2023 11:46:14
b38,sdsdsdsd,sdsdsdsdsd,10.02.2023 11:48:33
128,ывывывыв,ывывывыв,10.02.2023 12:05:32
a3e,ывывыв,ывывывывы,10.02.2023 17:10:15
